﻿<?xml version="1.0"?>
<doc>
<assembly>
<name>
RandomHub
</name>
</assembly>
<members>
<member name="P:FirstProgram.My.Resources.Resources.ResourceManager">
	<summary>
  Returns the cached ResourceManager instance used by this class.
</summary>
</member><member name="P:FirstProgram.My.Resources.Resources.Culture">
	<summary>
  Overrides the current thread's CurrentUICulture property for all
  resource lookups using this strongly typed resource class.
</summary>
</member><member name="P:FirstProgram.My.Resources.Resources.avatar1_2">
	<summary>
  Looks up a localized resource of type System.Drawing.Bitmap.
</summary>
</member><member name="P:FirstProgram.My.Resources.Resources.avatar3_N5r_icon">
	<summary>
  Looks up a localized resource of type System.Drawing.Icon similar to (Icon).
</summary>
</member><member name="P:FirstProgram.My.Resources.Resources.Logo">
	<summary>
  Looks up a localized resource of type System.Drawing.Icon similar to (Icon).
</summary>
</member><member name="P:FirstProgram.My.Resources.Resources.savedpreferences">
	<summary>
  Looks up a localized string similar to .
</summary>
</member><member name="T:FirstProgram.My.Resources.Resources">
	<summary>
  A strongly-typed resource class, for looking up localized strings, etc.
</summary>
</member><member name="T:FirstProgram.Helpers">
	<summary>
 Flat UI Theme
 Creator: iSynthesis (HF)
 Version: 1.0.4
 Date Created: 17/06/2013
 Date Changed: 26/06/2013
 UID: 374648
 For any bugs / errors, PM me.
 </summary>
	<remarks></remarks>
</member><member name="F:FirstProgram.FlatAlertBox.W">
	<summary>
 How to use: FlatAlertBox.ShowControl(Kind, String, Interval)
 </summary>
	<remarks></remarks>
</member>
</members>
</doc>